Soft Skills,Technical Skills,Organization,Link
Team,Data Visualization,Berkeley,https://bootcamp.berkeley.edu/blog/data-scientist-skills/
Communication,Python,,
Business Savvy,SQL,,
,Machine Learning,,
,Microsoft Excel,,
Storytelling,Statistics,,https://intellipaat.com/blog/data-scientist-skills/
Collab,Machine Learning,,
,Natural Language Processing,,
,Data Wrangling,,
,Big Data,,
,Linear Algebra,,
,Calculus,,
,Data Visualization,,
,Data Analytics,Self,N/A
,Database,,
,Java,,
,Data Science,,
,Blockchain ,,
,Regression,,
,Predict ,,
,Coding,,
,Text Analysis,,
,Data Preparation,,
,Data Mining,,
, R ,,
,Collection,,
,Data Cleaning,,
,Modeling,,
